{
  "Full Model": 0.8643532991409302,
  "Smaller (256)": 0.8523659110069275,
  "Tiny (128)": 0.8082018494606018,
  "No Temporal Memory": 0.860646665096283,
  "Single Layer": 0.8884857892990112,
  "Deep (4 layers)": 0.7882491946220398
}