{
  "Recency": {
    "accuracy": 0.3200315457413249,
    "f1_macro": 0.3079585786247869,
    "f1_weighted": 0.33495929617294545,
    "precision_macro": 0.3255659533492815,
    "recall_macro": 0.3280281689847963,
    "rmse": 0.49471782999586195,
    "mae": 0.4133394234159667,
    "spearman": 0.018940582227929506,
    "pearson": 0.015761474232639197,
    "precision@10": 0.0,
    "ndcg@10": 0.42050646112962664
  },
  "Degree": {
    "accuracy": 0.4869085173501577,
    "f1_macro": 0.22687171330177594,
    "f1_weighted": 0.3229851761045165,
    "precision_macro": 0.4970069438901748,
    "recall_macro": 0.337037037037037,
    "rmse": 0.4329633039814763,
    "mae": 0.29910589370054663,
    "spearman": 0.9164135085688637,
    "pearson": 0.6893809682804928,
    "precision@10": 0.0,
    "ndcg@10": 1.0
  },
  "TF-IDF": {
    "accuracy": 0.37082018927444793,
    "f1_macro": 0.2820238687806326,
    "f1_weighted": 0.3152941330100837,
    "precision_macro": 0.344086716462297,
    "recall_macro": 0.3379395609546647,
    "rmse": 0.40239843660198965,
    "mae": 0.34345123971189473,
    "spearman": 0.030521645524352006,
    "pearson": 0.03167236511907964,
    "precision@10": 0.0,
    "ndcg@10": 0.6715092458530567
  },
  "MLP": {
    "accuracy": 0.7727129337539432,
    "f1_macro": 0.751005633633299,
    "f1_weighted": 0.771202794532067,
    "precision_macro": 0.7657241470319592,
    "recall_macro": 0.7398881622679107,
    "rmse": 0.4295117128703777,
    "mae": 0.3628461595166369,
    "spearman": -0.18034916387578814,
    "pearson": -0.206684815147677,
    "precision@10": 0.0,
    "ndcg@10": 0.5437165513093006
  },
  "Static GCN": {
    "accuracy": 0.8396687697160883,
    "f1_macro": 0.7690153073180976,
    "f1_weighted": 0.8321528226723761,
    "precision_macro": 0.8185903698878868,
    "recall_macro": 0.7541160524734093,
    "rmse": 0.4271944846268932,
    "mae": 0.3516427115263999,
    "spearman": 0.054868149293706064,
    "pearson": 0.19186177816274205,
    "precision@10": 0.0,
    "ndcg@10": 1.0
  },
  "Standard TGN": {
    "accuracy": 0.8420347003154575,
    "f1_macro": 0.7618628982519532,
    "f1_weighted": 0.8316715799724177,
    "precision_macro": 0.8262067329766628,
    "recall_macro": 0.7466674443268279,
    "rmse": 0.5191370393736633,
    "mae": 0.42662583295761225,
    "spearman": -0.5542617540427422,
    "pearson": -0.5060562297235198,
    "precision@10": 0.0,
    "ndcg@10": 0.0
  },
  "LSTM": {
    "accuracy": 0.8167192429022082,
    "f1_macro": 0.5875296878508293,
    "f1_weighted": 0.7480533542676334,
    "precision_macro": 0.5410295939505111,
    "recall_macro": 0.6431357434201823,
    "rmse": 0.38870941738437603,
    "mae": 0.3417641914981397,
    "spearman": 0.6895000702861979,
    "pearson": 0.6454869184134107,
    "precision@10": 0.0,
    "ndcg@10": 0.5
  },
  "GAT": {
    "accuracy": 0.8620662460567823,
    "f1_macro": 0.8196729861606675,
    "f1_weighted": 0.8599143652630524,
    "precision_macro": 0.8504864372415993,
    "recall_macro": 0.8045347265551519,
    "rmse": 0.4703144724667309,
    "mae": 0.42361275004898713,
    "spearman": -0.6759490940684139,
    "pearson": -0.6254932461673194,
    "precision@10": 0.0,
    "ndcg@10": 0.0
  },
  "SVM": {
    "accuracy": 0.7925867507886435,
    "f1_macro": 0.7853751518310804,
    "f1_weighted": 0.7943041905826616,
    "precision_macro": 0.7697543027917993,
    "recall_macro": 0.8144423769416479,
    "rmse": 0.3185328701122475,
    "mae": 0.2338055660681552,
    "spearman": 0.6735454691759006,
    "pearson": 0.6810819626943208,
    "precision@10": 0.0,
    "ndcg@10": 0.8205228949141827
  },
  "Random Forest": {
    "accuracy": 0.8175078864353312,
    "f1_macro": 0.8093078359372056,
    "f1_weighted": 0.8177870212195107,
    "precision_macro": 0.7979334022676262,
    "recall_macro": 0.8253628859328446,
    "rmse": 0.288278497741107,
    "mae": 0.24176090372476675,
    "spearman": 0.5813278837896783,
    "pearson": 0.6951823195980974,
    "precision@10": 0.0,
    "ndcg@10": 1.0
  },
  "Proposed (Ours)": {
    "accuracy": 0.8478706624605679,
    "f1_macro": 0.8221120050921567,
    "f1_weighted": 0.8525658371449782,
    "precision_macro": 0.8128314458139622,
    "recall_macro": 0.8389033252489716,
    "rmse": 0.18316193747779175,
    "mae": 0.11500052103620251,
    "spearman": 0.8809978224631577,
    "pearson": 0.8971201890607511,
    "precision@10": 0.0,
    "ndcg@10": 1.0
  }
}